182427173,1108,0,8/7/19 23:02,3480,0,2/23/17 3:46
3361128,903,0,9/13/19 16:30,2068,0,6/1/15 22:02
31128,703,0,9/14/19 12:00,1872,0,6/1/15 22:02
18724123,1107,499,9/16/19 19:15,1632,0,6/1/15 23:41
3291125,1201,197,9/16/19 18:15,1513,0,6/2/15 1:04
3361128,917,1245,9/16/19 17:45,1463,0,6/1/15 23:11
3380128,804,0,8/16/19 3:31,1323,0,10/20/15 5:00
94151128,703,1243,9/16/19 13:15,1322,0,10/21/15 3:07
3380128,917,361,9/16/19 12:15,1296,0,6/1/15 23:08
18724128,1106,0,9/7/19 19:30,1250,0,6/2/15 0:05
3380128,303,0,9/16/19 10:45,1207,0,6/1/15 20:19
31124,1802,2676,9/16/19 16:30,1153,0,10/3/15 5:00
3380128,903,0,9/9/19 11:45,1153,0,6/2/15 0:37
3361128,303,0,9/13/19 18:00,1150,0,6/1/15 20:20
3361128,302,2823,9/17/19 3:01,1142,0,6/1/15 20:02
3361128,1115,0,7/4/19 1:15,1032,0,1/30/16 5:15
3361128,501,0,9/14/19 14:45,1025,0,6/1/15 20:41
110892750,501,0,9/4/19 3:27,995,0,6/1/15 22:29
3361128,1120,0,9/13/19 20:15,989,0,9/30/17 5:38
18724128,1105,0,9/6/19 17:00,984,0,6/1/15 23:55
3361128,920,1449,9/16/19 13:00,944,0,6/1/15 22:44
172976750,501,138,9/17/19 3:00,923,0,10/31/17 3:03
32861123,1606,26,9/16/19 22:00,920,0,5/10/16 5:15
3283124,1009,0,7/12/19 17:45,900,0,6/2/15 0:53
3361127,501,0,9/15/19 3:15,868,0,6/1/15 20:40
31124,1801,4836,9/16/19 16:15,840,0,8/22/15 5:19
188128,101,2023,9/17/19 2:45,837,0,6/1/15 19:31
3380128,302,579,9/17/19 3:00,830,0,6/1/15 20:03
9931127,926,21,9/16/19 20:14,822,0,10/7/15 5:01
3361128,1106,0,9/12/19 14:00,819,0,6/2/15 0:03
3361128,1126,121,9/16/19 16:15,817,0,4/21/18 4:00
18724128,1109,245,9/16/19 22:30,816,0,6/2/15 0:32
581750,802,49,9/16/19 19:00,813,0,6/1/15 21:25
182427173,1117,328,9/16/19 6:45,792,0,4/20/17 3:46
18724123,1106,0,9/12/19 19:30,768,0,6/2/15 0:03
18724127,1109,0,6/30/19 17:45,768,0,6/2/15 0:30
18724128,1113,0,9/13/19 0:30,768,0,6/2/15 0:36
3283123,909,956,9/16/19 3:45,768,0,6/1/15 21:52
18724123,1113,175,9/16/19 17:45,765,0,6/2/15 0:36
172976750,1108,0,8/23/19 13:30,753,0,11/1/17 3:46
174185122,303,0,9/12/19 11:45,735,0,8/20/16 4:24
204987122,1802,930,9/16/19 4:48,734,0,1/20/18 5:55
92131127,802,277,9/16/19 19:45,734,0,6/1/15 21:26
110892750,1108,0,6/13/19 16:15,723,0,6/2/15 0:54
3380128,1108,0,9/10/19 14:15,723,0,6/2/15 0:54
3283124,1112,0,8/29/19 20:30,720,0,6/2/15 0:41
37124,1502,372,9/16/19 14:04,720,0,6/2/15 2:08
311125,804,1653,9/15/19 6:16,720,0,5/12/17 3:06
3224121,926,0,9/9/19 15:00,718,0,10/1/15 5:00
182427173,1127,883,9/16/19 6:45,704,0,4/19/19 4:15
3361128,1205,0,9/14/19 4:17,702,0,10/21/16 4:06
3361128,1501,0,9/16/19 13:45,698,0,6/2/15 2:11
3376126,303,0,9/16/19 20:00,696,0,6/1/15 20:19
3361128,204,979,9/16/19 18:15,680,0,6/1/15 20:23
3361128,1109,0,6/30/19 15:15,648,0,6/2/15 0:32
3361128,301,1268,9/17/19 3:01,644,0,6/1/15 20:00
182427173,505,0,9/6/19 18:30,644,0,5/17/17 3:04
3291125,101,9104,9/17/19 2:45,638,0,12/18/18 3:00
18724127,1113,4,9/16/19 18:30,636,0,6/2/15 0:35
182427173,501,0,9/7/19 15:00,629,0,6/6/17 3:01
3376126,203,167,9/17/19 3:00,624,0,6/1/15 20:11
18724123,303,1,9/17/19 3:01,624,0,6/20/15 4:29
3283125,1101,560,9/16/19 19:00,610,0,6/2/15 0:24
581750,801,39,9/16/19 20:45,610,0,6/1/15 21:55
311125,1702,3375,9/16/19 21:15,608,0,5/5/16 5:00
188128,401,5362,9/17/19 3:01,605,0,6/1/15 20:44
3224121,501,311,9/16/19 8:30,605,0,6/1/15 20:40
3380128,203,4768,9/17/19 3:01,601,0,6/1/15 20:11
94151124,802,0,7/10/19 17:45,601,0,5/27/17 3:24
182427173,1120,144,9/15/19 4:17,600,0,10/16/17 4:16
18724128,1126,26,9/16/19 21:45,598,0,4/21/18 4:00
3361128,926,260,9/16/19 22:00,595,0,10/7/15 5:01
3875010,1108,0,6/18/19 16:45,593,0,6/1/15 23:59
60170750,1104,163,9/16/19 20:00,591,0,6/2/15 0:12
31128,907,1720,9/16/19 19:15,585,0,6/1/15 22:19
18724123,1109,249,9/17/19 0:45,580,0,6/2/15 0:30
3361128,915,2714,9/16/19 14:15,580,0,6/1/15 23:05
31123,923,2248,9/16/19 4:01,580,0,6/1/15 22:59
174185122,501,0,9/9/19 17:45,579,0,3/2/17 3:01
36873123,1203,5987,9/16/19 16:45,575,0,6/2/15 1:37
106568123,1501,0,9/14/19 10:30,575,0,6/2/15 2:09
18724123,1501,14008,9/16/19 21:30,575,0,6/2/15 2:10
182427173,1205,2045,9/16/19 22:15,567,0,1/14/17 3:48
3361128,912,4420,9/16/19 19:30,562,0,6/2/15 1:59
94151128,506,1644,9/15/19 3:33,554,0,6/1/15 21:01
31123,907,2421,9/16/19 18:45,553,0,6/1/15 22:18
18724128,1118,147,9/16/19 20:30,552,0,10/22/16 4:06
182427173,513,228,9/13/19 12:30,552,0,6/16/17 4:17
3291128,528,82,9/15/19 3:46,552,0,9/28/18 4:00
188123,922,0,9/6/19 22:00,552,0,6/1/15 22:56
3361128,102,927,9/17/19 2:45,551,0,6/1/15 19:57
3361128,304,3133,9/17/19 3:01,549,0,6/1/15 20:34
31123,701,8571,9/16/19 15:30,539,0,6/2/15 0:32
136388128,1607,2813,9/16/19 21:00,532,0,10/27/16 4:02
3877810,501,93,9/17/19 3:01,531,0,6/1/15 20:39
18724123,1402,0,9/14/19 17:31,528,0,6/2/15 1:32
31128,101,1782,9/17/19 2:45,523,0,6/1/15 19:32
60170750,1108,1033,9/16/19 23:00,519,0,6/2/15 0:01
172976750,920,373,9/16/19 22:00,518,0,11/1/17 3:33
3361128,925,259,9/16/19 22:30,515,0,6/26/15 8:53
37124,1702,114,9/16/19 12:15,510,0,5/5/16 5:00
172976750,204,0,7/21/19 3:00,509,0,11/1/17 2:46
3291128,101,5074,9/17/19 2:45,507,0,6/1/15 19:31
3361128,901,769,9/16/19 3:16,507,0,6/1/15 22:23
18724127,1106,0,9/12/19 0:30,505,0,6/2/15 0:04
3361128,803,350,9/16/19 3:16,504,0,6/1/15 22:29
3362128,101,1882,9/17/19 2:45,499,0,6/1/15 19:33
3283128,1608,1035,9/16/19 14:30,492,0,11/7/17 4:15
3380128,101,5619,9/17/19 2:45,490,0,6/1/15 19:31
31124,1009,363,9/16/19 4:01,483,0,6/2/15 0:08
2101021,501,0,6/21/19 3:15,481,0,6/1/15 20:41
3361128,703,785,9/16/19 9:45,481,0,6/1/15 21:44
102284126,1006,0,6/22/19 19:15,480,0,6/1/15 23:28
18724128,1116,0,6/12/19 15:45,480,0,9/20/16 4:30
188128,703,1331,9/16/19 11:30,480,0,6/1/15 22:02
188123,802,601,9/15/19 3:17,480,0,6/1/15 21:27
31123,908,1813,9/16/19 18:45,480,0,6/1/15 21:57
172976750,303,1165,9/17/19 3:01,471,0,10/31/17 2:46
172976750,1903,104,9/16/19 12:30,470,0,2/24/18 4:30
3875810,501,157,9/17/19 3:01,470,0,6/1/15 20:41
3361122,1107,0,6/18/19 13:30,468,0,6/1/15 23:40
18724127,1126,151,9/16/19 16:45,468,0,4/21/18 4:00
3380128,501,726,9/17/19 3:01,467,0,6/1/15 22:29
3283123,1606,8238,9/16/19 21:30,461,0,5/10/16 5:15
18724123,1118,0,9/16/19 21:30,460,0,10/22/16 4:06
3361128,101,3749,9/17/19 2:45,456,0,6/1/15 19:32
3288123,1601,661,9/16/19 16:15,456,0,6/2/15 1:58
136388128,1608,1758,9/16/19 20:15,456,0,11/8/17 4:16
182427173,304,2482,9/17/19 3:01,456,0,5/12/17 3:05
3283125,101,3451,9/17/19 2:45,455,0,6/1/15 19:31
17191810,501,122,9/17/19 3:01,451,0,6/1/15 20:41
36134111,512,0,9/7/19 19:30,450,0,3/2/17 3:02
3380128,205,904,9/17/19 3:01,447,0,6/1/15 19:50
35952173,501,747,9/17/19 1:58,447,0,6/1/15 20:41
92131127,501,35,9/15/19 12:47,447,0,6/1/15 20:41
114081750,501,112,9/16/19 22:16,445,0,6/1/15 20:40
3291124,303,676,9/17/19 3:00,439,0,6/1/15 20:20
36133111,512,0,7/6/19 22:30,438,0,3/2/17 3:02
3380128,207,0,9/13/19 3:01,435,0,6/1/15 19:49
3380128,1703,3165,9/16/19 4:46,434,0,2/14/17 4:15
3361128,2301,173,9/16/19 13:15,433,0,7/13/18 4:45
3362128,1007,421,9/14/19 4:01,432,0,6/1/15 23:47
106568123,1113,0,8/30/19 18:30,432,0,6/2/15 0:35
17192128,520,0,9/10/19 19:45,432,0,8/18/17 4:04
92131126,909,2263,9/16/19 21:15,432,0,6/1/15 21:51
31123,1606,12420,9/16/19 18:45,427,0,5/18/16 6:16
182427173,303,1387,9/17/19 3:01,427,0,5/2/17 2:46
172976750,218,144,9/16/19 3:01,426,0,11/2/17 2:46
1534750,1108,6055,9/16/19 14:15,421,0,6/2/15 0:00
36129111,512,0,8/20/19 23:15,420,0,10/25/16 3:02
18724123,1126,273,9/15/19 4:16,414,0,4/21/18 4:00
3291123,515,889,9/16/19 19:30,411,0,1/21/17 4:28
3380128,926,121,9/16/19 17:45,409,0,10/7/15 5:01
3380128,1504,7611,9/16/19 21:30,408,0,6/15/16 5:01
80127,202,50,9/16/19 3:01,408,0,6/1/15 20:14
3361128,217,0,8/29/19 5:15,408,0,7/6/16 5:00
36686127,803,0,9/8/19 20:30,408,0,6/1/15 22:29
37123,905,0,9/9/19 8:15,408,0,6/1/15 22:25
2221810,926,0,9/6/19 16:15,408,0,10/18/15 3:29
3361128,1503,918,9/16/19 20:30,407,0,8/16/15 5:21
17192128,521,402,9/16/19 16:00,406,0,5/5/17 4:17
3380128,201,1611,9/17/19 2:45,401,0,6/1/15 19:53
105911127,703,385,9/16/19 13:45,397,0,6/1/15 21:44
3291125,1204,1867,9/16/19 19:30,396,0,8/12/15 5:24
3283125,205,1858,9/17/19 3:00,396,0,6/1/15 19:50
3291125,205,1034,9/17/19 3:01,396,0,6/1/15 19:51
3283124,1007,627,9/16/19 14:15,395,0,6/1/15 23:48
31124,101,12229,9/17/19 2:45,390,0,6/1/15 19:33
3291124,1403,367,9/16/19 20:45,390,0,6/2/15 1:22
3283124,1403,4722,9/16/19 19:45,390,0,6/2/15 1:23
18724128,101,43,9/17/19 2:45,387,0,6/1/15 19:31
3380128,915,121,9/16/19 19:15,386,0,6/1/15 23:06
94151123,1802,1139,9/16/19 17:30,385,0,10/3/15 5:00
3361127,1115,0,9/1/19 17:00,384,0,1/30/16 5:15
3376127,1501,0,9/13/19 13:00,384,0,6/2/15 2:09
3361128,207,0,9/14/19 3:02,384,0,6/1/15 19:47
31128,804,0,8/29/19 14:45,384,0,10/23/15 5:00
110892750,1126,607,9/17/19 0:40,382,0,4/20/18 4:00
182427173,302,95,9/15/19 3:01,381,0,5/16/17 3:01
36686127,802,0,9/16/19 19:00,380,0,6/1/15 21:25
33123,1606,5575,9/16/19 22:15,378,0,5/10/16 5:15
3365127,1001,380,9/17/19 0:30,375,0,6/1/15 23:24
3380128,1126,198,9/15/19 4:16,375,0,4/20/18 4:00
2403750,1108,4,9/16/19 16:15,374,0,6/2/15 0:00
3361127,1126,49,9/15/19 4:15,373,0,4/21/18 4:00
3361127,804,0,9/6/19 10:45,371,0,10/20/15 5:00
3224121,402,2419,9/17/19 3:01,370,0,6/1/15 20:28
3875810,926,0,7/17/19 7:15,367,0,10/16/15 3:25
31123,514,887,9/15/19 3:30,363,0,8/26/17 4:00
2242121,926,0,9/5/19 20:30,363,0,2/16/17 3:33
80127,203,496,9/17/19 3:01,362,0,6/1/15 20:11
3283128,506,1539,9/14/19 3:16,362,0,6/1/15 21:59
3283123,501,2584,9/17/19 3:00,361,0,6/1/15 20:41
31123,919,2168,9/16/19 20:00,361,0,6/2/15 1:47
3280125,1101,0,9/9/19 15:00,360,0,6/2/15 0:24
18724123,1104,631,9/16/19 11:30,360,0,6/2/15 0:11
3379128,1504,620,9/14/19 6:30,360,0,6/18/16 5:04
31123,2001,3308,9/16/19 21:00,360,0,6/16/18 4:30
3362128,218,0,8/31/19 12:45,360,0,7/28/16 5:02
3875010,501,0,9/5/19 13:00,360,0,6/1/15 22:29
178468604,512,0,6/8/19 17:15,360,0,5/18/17 3:05
188128,608,339,9/16/19 19:00,360,0,6/1/15 21:11
3380128,901,3864,9/16/19 3:15,360,0,6/2/15 0:25
33119,905,0,9/14/19 9:45,360,0,6/1/15 22:27
9931128,101,0,9/15/19 13:45,359,0,6/8/16 3:32
31124,2103,5278,9/16/19 12:30,359,0,10/16/18 4:30
3380128,102,1324,9/17/19 2:45,358,0,6/1/15 19:57
3877810,926,0,7/17/19 15:00,354,0,10/16/15 3:25
17192122,505,568,9/16/19 20:15,353,0,6/1/15 20:49
183228736,1603,89,9/16/19 4:47,350,0,5/24/17 4:16
3283124,303,499,9/17/19 3:01,346,0,6/1/15 20:18
3380128,1109,219,9/16/19 16:30,345,0,6/2/15 0:30
17192122,513,1703,9/16/19 20:00,344,0,6/17/17 4:17
3361127,1109,223,9/16/19 4:15,342,0,6/2/15 0:29
117786233,501,18,9/17/19 2:49,339,0,6/1/15 20:41
18724128,1104,374,9/16/19 21:30,338,0,6/2/15 0:13
3380128,1405,0,9/15/19 13:30,337,0,6/2/15 1:20
94151124,101,5853,9/17/19 2:45,336,0,6/1/15 19:32
3361122,1104,0,7/9/19 18:00,336,0,6/2/15 0:12
18724123,501,2765,9/17/19 3:01,336,0,6/1/15 20:40
3361128,1108,0,9/13/19 13:45,335,0,6/1/15 23:59
3361128,904,2831,9/16/19 15:30,335,0,6/1/15 22:17
133453750,204,0,8/30/19 3:00,334,0,6/1/15 20:23
174185122,1107,0,9/14/19 18:45,330,0,4/22/17 3:53
3291124,1802,604,9/16/19 11:45,330,0,10/10/15 5:00
3361122,908,743,9/15/19 3:47,330,0,6/1/15 21:56
3283124,1123,257,9/16/19 19:15,328,0,11/12/17 4:01
204987122,402,0,9/14/19 11:45,328,0,2/3/18 3:00
60170750,501,892,9/17/19 3:01,327,0,6/1/15 20:40
178686750,501,0,9/10/19 21:15,327,0,6/20/17 3:02
311125,215,249,9/17/19 3:01,325,0,5/4/16 5:15
3283125,1113,73,9/14/19 4:15,324,0,6/2/15 0:35
36135111,512,0,7/20/19 17:00,324,0,10/25/16 3:02
3361128,919,806,9/16/19 16:30,320,0,6/1/15 22:51
3380128,919,1524,9/16/19 3:45,317,0,6/2/15 1:47
31123,518,909,9/15/19 3:31,314,0,3/1/17 4:15
92131127,701,1164,9/16/19 14:30,314,0,6/1/15 21:22
102284126,1003,0,9/11/19 15:00,312,0,6/1/15 23:32
18724122,1109,0,8/2/19 23:03,312,0,6/2/15 0:30
3365128,1113,41,9/10/19 18:00,312,0,6/2/15 0:36
138614131,501,127,9/15/19 3:17,312,0,6/1/15 20:39
9931127,521,224,9/16/19 20:15,312,0,5/5/17 4:17
18724128,802,223,9/16/19 15:51,312,0,9/3/15 4:04
3380128,803,3684,9/16/19 3:15,312,0,6/1/15 22:28
3291123,922,613,9/15/19 3:47,312,0,6/1/15 22:55
2101122,1108,0,8/30/19 1:00,311,0,6/1/15 23:58
18724123,1105,0,9/15/19 15:15,309,0,6/1/15 23:55
31123,905,1480,9/16/19 19:45,309,0,6/1/15 22:27
18724122,1113,81,9/15/19 4:16,303,0,6/2/15 0:35
3361128,701,1521,9/15/19 6:16,303,0,6/1/15 21:21
3291128,801,62,9/16/19 3:16,301,0,6/1/15 21:19
20144127,101,342,9/17/19 2:45,300,0,6/1/15 19:32
60170750,1123,62,9/16/19 4:16,300,0,11/2/17 4:17
80127,205,0,9/13/19 18:30,300,0,6/1/15 19:50
17192127,514,0,8/13/19 4:15,300,0,8/25/17 4:04
11903127,926,303,9/16/19 13:30,300,0,10/8/15 5:00
94151123,2104,1087,9/16/19 20:15,299,0,3/22/19 4:45
3361122,303,218,9/16/19 3:00,299,0,6/1/15 20:56
94151123,515,1477,9/16/19 19:15,298,0,1/14/17 4:15
60170750,926,0,8/14/19 3:45,298,0,10/2/15 5:00
581175,303,0,8/31/19 3:00,296,0,6/1/15 20:18
35358127,926,38,9/14/19 4:33,293,0,10/7/15 5:01
93401080,926,0,9/14/19 11:30,293,0,8/11/17 3:33
31128,515,695,9/15/19 3:31,292,0,1/21/17 4:28
3291123,905,158,9/16/19 19:15,292,0,6/2/15 1:52
150518750,1108,0,7/6/19 4:00,291,0,10/6/15 3:20
182427173,1125,93,9/16/19 6:45,291,0,8/14/18 4:00
31124,2104,2091,9/16/19 15:45,290,0,3/22/19 4:45
3291124,802,1183,9/16/19 3:16,290,0,6/1/15 21:25
172976750,1126,272,9/17/19 0:40,289,0,4/19/18 4:01
35952173,926,39,9/16/19 21:35,289,0,10/16/15 3:25
94151123,1007,680,9/16/19 4:01,288,0,6/1/15 23:49
3365122,1007,0,8/17/19 14:15,288,0,6/1/15 23:49
31123,1007,0,8/22/19 21:00,288,0,6/1/15 23:50
3361128,1112,0,9/14/19 4:16,288,0,6/2/15 0:39
136491128,1608,42,9/15/19 4:31,288,0,6/6/18 4:30
3291123,2001,3019,9/16/19 22:15,288,0,6/16/18 4:30
3362128,201,501,9/17/19 2:45,288,0,6/1/15 19:53
3376126,202,17,9/17/19 3:00,288,0,6/1/15 20:14
31128,218,76,9/16/19 4:47,288,0,7/29/16 5:01
3289135,402,160,9/16/19 9:30,288,0,6/1/15 20:29
31123,610,554,9/16/19 3:16,288,0,6/1/15 21:12
92131128,802,54,9/16/19 15:51,288,0,7/27/19 3:31
94151128,803,0,9/16/19 16:15,288,0,6/1/15 22:29
18724128,804,0,8/9/19 12:00,288,0,10/20/15 5:00
106568123,922,1619,9/15/19 3:47,288,0,6/1/15 22:55
29123,927,228,9/16/19 10:15,288,0,11/12/15 5:01
311171,928,747,9/16/19 4:00,288,0,7/20/16 5:01
3361128,1123,0,8/29/19 13:45,287,0,11/12/17 4:01
2101122,925,183,9/16/19 7:35,286,0,6/25/15 7:14
3283123,508,994,9/15/19 3:32,284,0,6/1/15 21:39
17192128,528,219,9/15/19 3:47,282,0,9/28/18 4:00
3283123,701,1580,9/16/19 17:45,282,0,6/1/15 21:22
3291120,1201,0,9/13/19 21:15,280,0,6/2/15 1:03
9931127,302,73,9/17/19 3:01,279,0,6/1/15 20:02
117786233,304,232,9/17/19 3:01,278,0,6/1/15 20:32
174185122,1112,582,9/16/19 20:45,276,0,4/22/17 3:49
3291123,514,760,9/16/19 22:00,276,0,8/25/17 4:04
94151128,528,522,9/16/19 16:45,276,0,9/29/18 4:00
203990122,606,9,9/16/19 15:04,276,0,1/13/18 4:46
9931127,803,409,9/16/19 17:30,276,0,6/1/15 22:29
3361128,922,3245,9/16/19 12:30,276,0,6/1/15 22:58
8571081,402,0,9/2/19 14:15,271,0,6/1/15 20:27
33119,906,22,9/12/19 3:31,270,0,6/1/15 22:07
138614131,303,0,9/16/19 18:00,267,0,6/1/15 20:17
3875010,1126,47,9/16/19 21:15,266,0,4/28/18 4:15
136388123,1606,9930,9/16/19 20:15,266,0,5/18/16 6:16
31123,501,1253,9/17/19 3:01,266,0,6/1/15 20:39
3361127,1106,171,9/16/19 20:30,265,0,6/2/15 0:04
102284126,1005,27,9/15/19 4:03,264,0,6/1/15 23:20
3376126,101,367,9/17/19 2:45,264,0,6/1/15 19:31
18724123,1103,0,9/16/19 11:30,264,0,6/2/15 0:19
31128,1405,0,9/13/19 21:00,264,0,6/2/15 1:20
31128,1602,2509,9/16/19 19:45,264,0,6/2/15 2:14
102241161,1608,0,9/10/19 10:00,264,0,11/8/17 4:16
92131128,1608,834,9/16/19 18:45,264,0,11/8/17 4:16
102421123,510,51,9/16/19 12:45,264,0,5/19/18 3:00
3362128,702,40,9/16/19 3:16,264,0,6/1/15 22:30
104401233,501,0,7/10/19 3:24,263,0,6/1/15 20:41
3877010,501,0,9/11/19 7:45,263,0,6/2/15 2:08
94151123,905,675,9/16/19 3:16,263,0,6/1/15 22:26
18724127,804,0,9/14/19 13:15,262,0,10/20/15 5:00
37124,101,1790,9/16/19 2:45,261,0,6/1/15 19:31
174185122,1702,0,9/12/19 15:45,261,0,8/26/16 4:04
3380128,304,1782,9/17/19 3:01,258,0,6/1/15 21:01
98585010,501,0,9/16/19 19:00,256,0,6/1/15 20:39
17192161,514,1072,9/16/19 15:45,255,0,3/17/18 5:30
3361128,1127,0,9/10/19 21:15,254,0,4/12/19 4:15
174185122,1903,4302,9/17/19 1:58,253,0,2/16/18 4:30
3376127,402,7046,9/17/19 3:00,253,0,6/1/15 20:28
94151123,802,814,9/16/19 16:45,253,0,6/1/15 22:13
3291125,102,0,9/15/19 10:30,252,0,12/18/18 3:00
18724127,1103,33,9/17/19 0:30,252,0,6/2/15 0:21
3291135,701,0,9/12/19 11:00,252,0,6/1/15 21:24
37119,906,0,9/11/19 15:45,252,0,6/1/15 22:10
92036750,1605,751,9/16/19 17:00,251,0,10/21/15 5:00
94151123,702,1417,9/16/19 12:45,251,0,6/1/15 21:48
31128,401,1646,9/17/19 3:01,249,0,6/1/15 20:43
110892750,928,120,9/16/19 18:45,249,0,7/17/16 5:04
132269750,1106,0,9/5/19 16:15,247,0,6/2/15 0:04
94151123,506,952,9/16/19 18:15,247,0,6/1/15 21:01
3376126,205,0,9/11/19 17:00,246,0,6/1/15 19:52
174185122,605,4239,9/16/19 19:45,246,0,3/8/17 3:03
982750,101,604,9/17/19 2:45,244,0,6/1/15 19:32
110892750,1127,149,9/17/19 3:01,244,0,4/12/19 4:15
92946126,1205,0,7/5/19 16:00,243,0,10/22/16 4:06
3380128,1501,10228,9/16/19 19:30,242,0,6/2/15 2:09
87600124,1801,4565,9/16/19 17:45,242,0,8/22/15 5:19
174185122,302,11231,9/17/19 3:01,242,0,8/25/16 2:49
3361128,801,681,9/16/19 4:46,242,0,6/1/15 21:19
31128,909,2041,9/16/19 3:46,242,0,6/1/15 21:53
636750,922,40,9/16/19 21:15,242,0,6/1/15 22:56
3363079,926,12,9/16/19 4:01,242,0,10/7/15 5:01
92131128,303,62,9/17/19 3:01,241,0,6/1/15 20:19
31123,521,480,9/16/19 4:31,241,0,5/6/17 4:19
94151123,701,6132,9/16/19 15:45,241,0,6/1/15 21:22
5501126,1103,106,9/16/19 20:45,240,0,6/2/15 0:20
15868128,1109,0,9/13/19 23:00,240,0,6/2/15 0:31
18724127,1112,183,9/16/19 14:30,240,0,6/2/15 0:38
3362128,1112,0,8/13/19 14:30,240,0,6/2/15 0:41
18724127,1116,0,9/6/19 23:15,240,0,9/20/16 4:30
3361127,1120,0,9/13/19 0:30,240,0,9/30/17 5:38
182427173,1128,27,9/16/19 4:30,240,0,3/9/18 4:15
80127,1302,215,9/16/19 20:45,240,0,6/2/15 1:14
3380128,1502,6244,9/16/19 16:45,240,0,6/2/15 2:06
31128,1502,2933,9/16/19 4:46,240,0,6/2/15 2:07
115101127,1602,0,8/30/19 23:15,240,0,6/2/15 2:13
33123,1603,3361,9/16/19 22:00,240,0,6/2/15 1:53
136388163,1605,4660,9/16/19 23:15,240,0,3/20/18 4:16
89729128,1608,12,9/16/19 20:30,240,0,11/10/17 4:16
227197122,1903,0,8/24/19 13:00,240,0,4/17/19 4:45
80127,201,0,9/10/19 15:00,240,0,6/1/15 19:53
94151128,204,77,9/16/19 3:01,240,0,6/1/15 20:24
18724128,204,15,9/16/19 18:15,240,0,7/23/15 4:21
3361128,209,1450,9/17/19 3:00,240,0,6/1/15 20:04
33124,401,168,9/17/19 3:01,240,0,6/1/15 20:56
163256123,502,155,9/16/19 16:02,240,0,10/6/18 3:15
3283128,515,197,9/15/19 3:32,240,0,1/27/17 3:03
3380128,519,298,9/16/19 17:30,240,0,3/17/17 4:15
31123,520,1227,9/15/19 3:32,240,0,8/19/17 4:02
3291128,522,69,9/13/19 13:15,240,0,6/30/17 4:03
94151128,525,58,9/15/19 3:32,240,0,5/25/17 3:05
17192128,525,0,7/29/19 15:45,240,0,5/25/17 3:05
3365128,525,34,9/7/19 3:31,240,0,5/25/17 3:05
3363079,529,0,8/28/19 20:45,240,0,11/3/18 4:15
3361128,605,387,9/11/19 7:30,240,0,6/1/15 21:18
31128,608,1591,9/16/19 18:30,240,0,6/1/15 21:11
94151128,608,1987,9/16/19 17:00,240,0,10/28/15 3:24
2988124,801,169,9/16/19 16:00,240,0,6/1/15 21:19
94151128,802,0,9/16/19 15:45,240,0,6/1/15 21:27
182427173,904,1089,9/15/19 6:17,240,0,12/2/16 3:22
33123,905,156,9/16/19 13:30,240,0,6/1/15 22:26
8155122,912,0,6/11/19 7:00,240,0,6/1/15 22:33
14356128,920,0,6/22/19 14:00,240,0,6/1/15 22:41
18724127,928,1,9/15/19 3:47,240,0,7/20/16 5:01
3361127,1108,0,9/13/19 19:15,238,0,6/2/15 0:54
17192122,502,948,9/16/19 16:00,238,0,6/1/15 20:29
31128,402,336,9/17/19 3:01,233,0,6/1/15 20:27
105911127,909,46,9/16/19 16:00,233,0,6/1/15 21:53
110892750,926,0,8/15/19 15:30,233,0,10/2/15 5:00
3283124,302,1302,9/17/19 3:01,232,0,6/1/15 20:03
110903050,501,0,7/1/19 16:18,232,0,6/1/15 20:39
174185122,1127,0,9/14/19 12:45,231,0,4/12/19 4:15
60170187,101,813,9/17/19 2:45,230,0,6/1/15 19:32
3380128,1127,0,9/13/19 4:16,230,0,4/12/19 4:15
3291163,1606,1390,9/16/19 19:30,230,0,5/18/16 6:16
94151123,501,424,9/16/19 21:15,230,0,6/1/15 20:38
3283123,514,1194,9/14/19 3:31,230,0,8/25/17 4:04
3376127,519,342,9/16/19 4:15,229,0,3/17/17 4:15
2196233,926,0,9/6/19 8:30,229,0,1/26/17 3:31
3361127,1105,262,9/17/19 0:30,228,0,6/1/15 23:58
133453750,1108,116,9/16/19 19:30,228,0,6/1/15 23:58
149900233,501,0,7/9/19 15:05,228,0,8/1/15 4:30
31124,401,9644,9/17/19 3:01,225,0,6/1/15 20:43
9931131,802,202,9/16/19 16:30,225,0,3/24/18 3:15
110892750,1104,145,9/16/19 16:30,221,0,6/2/15 0:13
3875010,1119,50,9/16/19 15:00,221,0,3/23/17 3:47
138984920,501,0,7/9/19 12:29,221,0,6/1/15 20:39
2403750,501,357,9/17/19 3:01,221,0,6/1/15 20:39
3361128,1104,164,9/16/19 21:30,220,0,6/2/15 0:12
3237920,501,0,7/17/19 3:15,220,0,6/1/15 20:37
182427173,205,3956,9/16/19 3:01,219,0,4/26/17 2:48
3291128,506,829,9/16/19 18:15,218,0,6/1/15 20:59
3361128,1406,0,9/13/19 18:30,217,0,6/2/15 0:57
3361128,1502,3410,9/16/19 13:45,217,0,6/2/15 2:08
38682128,1602,0,7/26/19 4:30,217,0,6/2/15 2:14
89729122,1608,554,9/16/19 16:00,217,0,11/10/17 4:16
94151135,703,97,9/16/19 13:15,217,0,6/1/15 21:43
89782814,926,0,9/16/19 18:30,217,0,10/1/15 5:00
3362128,926,538,9/16/19 4:46,217,0,10/7/15 5:01
3283128,1001,0,9/12/19 15:15,216,0,6/1/15 23:24
3362122,1007,0,9/6/19 22:00,216,0,6/1/15 23:50
18724128,1101,0,8/31/19 15:45,216,0,6/2/15 0:23
311125,1111,1728,9/15/19 4:15,216,0,6/2/15 0:45
3283125,1123,304,9/16/19 4:16,216,0,11/12/17 4:01
92131128,1302,721,9/15/19 4:31,216,0,6/23/18 4:00
311125,1411,534,9/14/19 4:32,216,0,10/1/16 4:05
8029750,1701,0,7/5/19 16:00,216,0,11/14/15 4:00
3291125,1702,1133,9/16/19 18:30,216,0,5/5/16 5:00
60170750,204,76,9/16/19 3:01,216,0,6/1/15 20:23
3380128,209,2938,9/17/19 3:01,216,0,6/1/15 20:04
3376126,217,0,7/19/19 21:30,216,0,7/6/16 5:00
31123,508,2089,9/16/19 15:45,216,0,6/1/15 21:39
3291123,523,1459,9/16/19 16:14,216,0,11/1/17 4:18
17192122,523,1164,9/16/19 16:14,216,0,11/1/17 4:18
94151135,701,404,9/16/19 14:00,216,0,6/1/15 22:01
3380128,906,0,9/16/19 20:45,216,0,6/1/15 22:07
3362128,914,436,9/15/19 3:46,216,0,6/1/15 22:45
3291163,920,343,9/11/19 10:30,216,0,6/1/15 22:41
31123,904,1578,9/16/19 9:40,215,0,6/1/15 22:15
31128,702,1673,9/16/19 3:16,214,0,6/1/15 21:49
60170187,203,0,8/29/19 20:00,213,0,6/1/15 20:11
108164233,1108,0,8/16/19 18:00,212,0,6/1/15 23:58
204509121,1108,263,9/17/19 0:30,212,0,12/16/17 3:49
3283124,1002,978,9/16/19 21:30,211,0,6/1/15 23:33
3286125,101,552,9/17/19 2:45,210,0,10/6/17 3:48
92131128,101,6250,9/17/19 2:45,209,0,6/1/15 19:31
93401080,904,40,9/16/19 17:30,209,0,8/10/17 3:32
3361127,101,190,9/17/19 2:45,208,0,6/1/15 19:32
90623126,101,0,9/9/19 16:00,208,0,6/1/15 19:33
3283124,1104,0,9/14/19 12:45,208,0,6/2/15 0:11
178686750,204,26,9/16/19 3:01,207,0,6/14/17 2:49
142878233,501,0,7/25/19 15:15,207,0,9/10/16 3:25
3361128,804,0,9/10/19 3:44,207,0,10/20/15 5:00
92131127,915,1178,9/16/19 15:15,207,0,6/2/15 2:14
8571081,804,357,9/13/19 15:30,206,0,10/14/15 5:00
172976750,804,682,9/16/19 21:25,206,0,10/31/17 3:17
3877810,1108,0,9/12/19 18:15,205,0,6/2/15 0:02
17192122,521,98,9/16/19 4:32,205,0,5/5/17 4:17
2242121,931,0,9/12/19 20:30,205,0,4/27/18 4:00
3361127,1205,777,9/16/19 21:15,204,0,10/21/16 4:06
3361127,703,242,9/16/19 3:15,204,0,6/2/15 2:14
36686122,802,53,9/16/19 13:30,204,0,6/1/15 21:25
31123,909,861,9/16/19 3:45,203,0,6/1/15 21:51
31124,1006,1450,9/16/19 4:01,202,0,6/1/15 23:25
138614131,926,256,9/15/19 3:45,202,0,10/9/15 5:00
123311162,1604,71,9/16/19 4:46,200,0,6/2/15 1:50
109413050,501,0,9/9/19 14:00,200,0,6/1/15 20:40
3283135,701,97,9/16/19 14:00,198,0,6/1/15 21:23
31128,701,1189,9/16/19 14:00,198,0,2/27/16 3:54
18724119,922,0,9/12/19 19:45,198,0,6/1/15 22:57
136388123,1607,13315,9/16/19 23:00,197,0,10/27/16 4:02
17192128,501,2973,9/15/19 3:16,196,0,6/1/15 20:37
188128,909,900,9/16/19 3:46,195,0,6/1/15 21:51
31123,509,2458,9/16/19 18:00,194,0,6/1/15 21:05
2242111,1108,0,9/14/19 18:45,193,0,6/2/15 0:01
92131128,1205,456,9/17/19 1:00,193,0,10/22/16 4:06
31123,702,2894,9/16/19 20:15,193,0,6/1/15 21:48
18724128,920,245,9/16/19 12:30,193,0,7/9/15 6:34
108164233,1006,0,7/11/19 19:15,192,0,6/1/15 23:26
3412127,1105,191,9/16/19 13:00,192,0,6/1/15 23:54
3380128,1106,0,9/14/19 16:15,192,0,6/2/15 0:05
3875810,1108,0,9/14/19 13:30,192,0,6/2/15 0:02
9931127,1118,0,9/6/19 4:00,192,0,10/18/16 4:02
123895128,1120,0,9/16/19 16:30,192,0,9/30/17 5:38
4967127,1301,62,9/12/19 4:15,192,0,6/2/15 1:00
3361128,1407,510,9/16/19 16:45,192,0,6/2/15 1:12
92131128,1502,489,9/16/19 4:47,192,0,6/2/15 2:06
227010122,1604,123,9/16/19 18:45,192,0,1/26/19 4:30
3283128,1703,133,9/15/19 4:47,192,0,2/14/17 4:15
3291128,202,759,9/17/19 3:01,192,0,6/1/15 20:13
80127,214,0,9/13/19 3:00,192,0,6/1/15 19:46
3361128,502,62,9/16/19 8:30,192,0,6/1/15 20:31
3875810,513,0,9/14/19 18:45,192,0,6/22/17 4:16
3365128,520,107,9/16/19 15:00,192,0,8/18/17 4:04
17192128,522,6,9/16/19 4:31,192,0,6/30/17 4:03
18724123,527,0,9/6/19 21:00,192,0,7/7/18 4:15
31123,602,3279,9/16/19 3:01,192,0,6/1/15 21:15
3380128,605,81,9/16/19 4:32,192,0,6/1/15 21:18
188128,802,247,9/16/19 19:00,192,0,6/1/15 21:24
3283128,802,84,9/16/19 18:45,192,0,6/1/15 21:27
188128,901,2075,9/16/19 11:00,192,0,6/1/15 22:22
3283128,906,337,9/16/19 13:15,192,0,6/1/15 22:10
29128,915,0,9/9/19 14:30,192,0,6/1/15 23:05
29128,918,0,9/12/19 15:00,192,0,6/1/15 22:48
3283123,920,187,9/15/19 3:47,192,0,6/1/15 22:41
31128,924,1320,9/16/19 12:45,192,0,6/1/15 23:03
3875010,513,0,8/7/19 23:02,191,0,6/22/17 4:16
31123,924,2939,9/16/19 10:00,191,0,6/1/15 23:02
91685206,501,3,9/15/19 3:16,190,0,6/1/15 20:40
3877810,505,0,9/6/19 18:45,190,0,6/1/15 20:50
94151128,907,1682,9/16/19 15:45,190,0,6/1/15 22:20
3407138,101,322,9/17/19 2:45,189,0,11/11/17 2:46
60170750,1126,82,9/17/19 1:45,189,0,4/19/18 4:01
3361128,1903,88,9/15/19 4:45,189,0,2/16/18 4:30
227197122,501,65,9/13/19 3:16,189,0,3/2/19 3:15
109682750,1108,0,8/16/19 14:15,188,0,6/2/15 0:00
150518750,204,70,9/16/19 3:01,188,0,10/7/15 2:47
3361128,1411,0,8/13/19 17:45,187,0,10/1/16 4:05
17191810,1108,279,9/15/19 4:17,186,0,6/2/15 0:00
130007750,1108,0,9/6/19 4:00,185,0,6/1/15 23:58
31123,1602,13101,9/16/19 22:15,185,0,6/2/15 2:14
3291151,205,0,9/12/19 12:45,185,0,6/1/15 19:50
3362122,909,149,9/16/19 3:45,185,0,6/1/15 21:54
3361127,926,476,9/16/19 15:30,185,0,10/7/15 5:01
3283123,1608,5827,9/16/19 18:48,184,0,11/7/17 4:15
175574230,1903,1139,9/14/19 16:30,184,0,2/16/18 4:30
188123,2104,139,9/16/19 20:15,184,0,3/22/19 4:45
133056807,501,0,7/4/19 0:33,184,0,6/1/15 20:41
3875010,505,0,9/5/19 18:00,184,0,6/1/15 20:50
3363079,516,0,9/12/19 20:15,184,0,2/18/17 4:16
3363079,517,0,9/13/19 19:45,184,0,2/23/17 4:15
60170750,101,1307,9/17/19 2:45,183,0,6/1/15 19:32
2242010,1126,0,9/11/19 22:00,183,0,4/20/18 4:00
9931127,703,666,9/16/19 20:00,183,0,6/1/15 21:46
3877010,505,0,9/6/19 21:00,182,0,6/1/15 20:49
92131127,611,533,9/16/19 3:16,182,0,6/1/15 21:42
107809124,1802,0,8/21/19 18:15,181,0,10/3/15 5:00
311125,801,1443,9/16/19 19:38,181,0,5/9/17 3:16
3289124,1101,439,9/15/19 4:03,180,0,6/2/15 0:54
3291125,1110,164,9/16/19 22:15,180,0,6/2/15 0:48
138614131,1113,0,9/15/19 0:30,180,0,2/17/16 4:02
311125,1123,169,9/16/19 11:30,180,0,11/4/17 4:02
174185122,1128,222,9/17/19 0:30,180,0,3/23/18 19:00
3291124,1201,0,9/4/19 15:15,180,0,6/2/15 1:03
190440131,1202,12,9/16/19 13:17,180,0,2/1/18 4:01
3402127,1203,264,9/16/19 20:00,180,0,6/2/15 1:37
3291124,1205,0,9/3/19 16:15,180,0,10/21/16 4:06
88993124,1605,216,9/16/19 4:47,180,0,10/28/15 5:00
29125,1702,1904,9/16/19 16:00,180,0,5/5/16 5:01
29124,2103,1246,9/16/19 18:00,180,0,10/16/18 4:30
3380128,402,2949,9/17/19 3:01,180,0,6/2/15 1:59
9931131,701,0,9/6/19 3:30,180,0,3/15/18 3:15
106568135,703,195,9/16/19 9:45,180,0,6/1/15 21:43
3380127,804,45,9/16/19 13:30,180,0,10/20/15 5:00
178303127,804,0,8/30/19 14:15,180,0,3/8/17 3:19
3283124,301,2325,9/17/19 3:01,179,0,6/1/15 19:59
60170187,1108,0,8/10/19 4:15,178,0,6/1/15 23:58
174185122,1605,5167,9/16/19 22:30,178,0,10/15/16 4:07
60170750,218,59,9/17/19 3:00,178,0,8/6/16 4:23
2101122,501,150,9/15/19 3:17,178,0,6/1/15 20:40
11936750,101,0,9/14/19 9:45,177,0,6/1/15 19:31
115956807,501,0,8/7/19 3:15,177,0,6/1/15 20:40
3029125,1204,1,9/10/19 16:00,175,0,8/14/15 5:18
91630127,304,158,9/17/19 3:00,174,0,6/1/15 20:37
228810,926,0,7/10/19 11:00,174,0,10/18/15 3:29
174185122,1123,387,9/16/19 20:30,173,0,11/12/17 4:01
60170750,303,50,9/17/19 3:01,173,0,6/1/15 20:18
102038375,1108,0,9/10/19 19:30,172,0,6/2/15 0:02
174185122,904,2265,9/16/19 18:45,172,0,1/18/17 9:34
94151123,907,1040,9/16/19 15:15,172,0,6/1/15 22:20
3283124,101,9257,9/17/19 2:45,171,0,6/1/15 19:32
174185122,101,0,9/15/19 3:01,171,0,8/17/16 4:05
3283123,1604,3663,9/16/19 20:30,171,0,6/2/15 1:50
80127,926,735,9/16/19 15:15,171,0,10/8/15 5:00
8571081,802,22,9/14/19 16:01,170,0,6/1/15 21:27
3361128,1125,433,9/16/19 15:30,169,0,7/14/18 4:15
89729128,1602,2152,9/16/19 4:47,169,0,12/14/16 4:06
94151128,502,929,9/16/19 13:45,169,0,6/1/15 20:31
3361128,931,480,9/16/19 4:01,169,0,4/27/18 4:00
3361128,1105,6,9/15/19 6:30,168,0,6/1/15 23:56
106568123,1107,112,9/16/19 20:15,168,0,6/1/15 23:42
3361128,1110,450,9/16/19 16:00,168,0,6/2/15 0:50
135061127,1120,0,9/6/19 20:30,168,0,9/30/17 5:38
3380128,1125,0,9/16/19 18:00,168,0,7/13/18 4:00
35358128,1125,14,9/15/19 23:15,168,0,7/13/18 4:00
18724128,1406,0,8/28/19 21:30,168,0,11/7/15 4:04
3380128,1503,12029,9/16/19 19:00,168,0,8/16/15 5:21
229140122,1706,771,9/16/19 17:00,168,0,5/16/19 4:45
31128,202,245,9/17/19 3:01,168,0,6/1/15 20:14
3365122,505,240,9/16/19 15:45,168,0,6/1/15 20:49
5218123,507,0,9/11/19 21:30,168,0,6/1/15 21:29
17192122,509,0,9/11/19 14:45,168,0,6/1/15 21:06
3407127,513,114,9/15/19 3:31,168,0,6/17/17 4:17
221353233,514,68,9/16/19 20:00,168,0,4/18/18 3:00
94151123,520,0,9/14/19 14:15,168,0,8/19/17 4:02
94151123,521,262,9/16/19 4:31,168,0,5/6/17 4:19
31127,701,0,9/12/19 18:00,168,0,6/1/15 21:21
188128,701,227,9/16/19 16:30,168,0,11/19/16 3:24
35358127,702,0,8/16/19 8:45,168,0,6/1/15 21:47
94151128,702,604,9/16/19 13:00,168,0,6/1/15 21:47
18724128,801,0,8/24/19 18:00,168,0,6/1/15 21:20
204987122,801,1695,9/16/19 17:30,168,0,1/25/18 3:18
174185122,803,650,9/16/19 22:30,168,0,2/22/17 3:19
3291128,902,194,9/16/19 12:45,168,0,6/1/15 22:10
3361122,922,217,9/14/19 3:46,168,0,6/1/15 22:57
311171,924,559,9/15/19 3:47,168,0,6/1/15 23:02
18724128,926,409,9/16/19 19:00,168,0,1/27/16 3:48
94151128,929,463,9/16/19 21:15,168,0,11/11/16 4:04
3380128,1105,40,9/15/19 6:30,167,0,6/1/15 23:57
110892750,302,173,9/16/19 3:01,167,0,6/1/15 20:03
3361128,518,0,9/14/19 17:00,166,0,3/1/17 4:15
188128,926,0,9/6/19 16:45,166,0,10/7/15 5:01
174185122,1126,0,9/16/19 11:30,165,0,4/20/18 4:00
92131128,501,1606,9/15/19 3:16,165,0,5/22/19 3:15
138984920,1104,31,9/15/19 15:45,164,0,6/2/15 0:11
174185122,301,4142,9/17/19 3:00,164,0,8/17/16 4:03
3363079,905,209,9/16/19 11:15,164,0,6/1/15 22:24
9931127,1602,0,9/16/19 21:15,163,0,6/2/15 2:14
8571081,303,25,9/16/19 19:12,163,0,6/1/15 20:17
92131239,401,132,9/15/19 3:17,163,0,6/8/18 2:45
1534750,501,784,9/17/19 3:01,163,0,6/1/15 20:55
188123,102,1263,9/17/19 2:45,162,0,6/1/15 19:58
18724119,1113,0,9/14/19 23:15,162,0,6/2/15 0:37
178686750,303,19,9/17/19 3:01,162,0,6/13/17 2:48
109682750,501,739,9/17/19 3:01,162,0,6/1/15 20:41
3365119,506,0,9/10/19 9:45,162,0,7/8/15 5:53
178454918,520,123,9/13/19 3:16,162,0,8/18/17 4:04
106568218,802,111,9/15/19 3:15,162,0,6/1/15 21:26
2205233,926,76,8/31/19 6:00,162,0,1/26/17 3:31
2213121,926,0,9/6/19 8:30,162,0,2/16/17 3:33
92633355,1901,1487,9/16/19 17:45,161,0,2/16/19 4:45
188128,402,2377,9/17/19 3:01,161,0,6/1/15 22:00
3361128,805,124,9/14/19 3:16,161,0,11/10/18 4:15
60170750,920,865,9/16/19 3:45,161,0,6/1/15 22:42
110892750,1119,242,9/16/19 17:00,160,0,3/15/17 4:15
138984920,1108,0,6/12/19 21:04,159,0,6/2/15 0:01
3380127,216,47,9/16/19 3:01,159,0,10/18/16 2:47
3361127,302,1833,9/17/19 3:01,159,0,6/1/15 20:03
14738750,501,1035,9/17/19 3:01,159,0,6/1/15 20:41
132640920,501,35,9/16/19 17:31,159,0,6/1/15 20:41
150513750,1108,446,9/16/19 23:39,158,0,10/6/15 3:20
92131127,1205,1698,9/17/19 0:30,158,0,10/22/16 4:06
9931127,218,0,9/12/19 21:30,158,0,7/28/16 5:02
9931127,202,0,9/13/19 16:00,157,0,6/1/15 20:14
3362122,702,694,9/15/19 15:30,157,0,6/1/15 21:49
92131127,904,814,9/16/19 3:16,157,0,6/1/15 22:14
3380128,912,348,9/16/19 17:45,157,0,6/1/15 22:32
178686750,920,177,9/16/19 7:58,157,0,6/13/17 3:35
3380122,926,91,9/9/19 4:00,157,0,10/7/15 5:01
18724122,1105,0,9/4/19 11:15,156,0,6/1/15 23:56
3404127,1106,158,9/16/19 21:15,156,0,6/2/15 0:04
94948126,501,0,8/30/19 22:00,156,0,6/1/15 20:41
125825122,507,0,9/12/19 15:00,156,0,11/3/16 3:05
3361127,1112,231,9/16/19 11:30,155,0,6/2/15 0:41
110892750,101,1232,9/17/19 2:45,154,0,6/1/15 19:32
97672750,101,149,9/17/19 2:45,154,0,6/1/15 19:33
178686750,1108,0,8/27/19 3:45,154,0,6/22/17 3:45
17191010,1126,40,9/16/19 23:54,154,0,4/28/18 4:15
110892750,218,221,9/17/19 3:01,154,0,7/28/16 5:02
102284126,1007,77,9/13/19 6:00,153,0,6/1/15 23:48
105911127,501,106,9/14/19 3:17,153,0,6/1/15 20:40
1534750,1102,0,8/2/19 4:00,152,0,6/1/15 23:45
110326010,501,0,9/11/19 12:45,151,0,6/1/15 20:40
92131126,926,1221,9/16/19 13:30,151,0,10/8/15 5:00
106667124,101,714,9/16/19 2:45,150,0,6/1/15 19:32
10844124,101,315,9/17/19 2:45,150,0,6/1/15 19:32
2403750,101,6236,9/17/19 2:45,150,0,6/1/15 19:32
31124,102,2248,9/17/19 2:45,150,0,6/1/15 19:58
2213010,1126,0,6/19/19 14:15,150,0,4/20/18 4:00
11654124,1201,0,9/12/19 20:45,150,0,6/2/15 1:03
87582173,1303,1003,9/13/19 21:30,150,0,4/16/18 4:00
208619121,1605,0,9/5/19 19:15,150,0,9/11/18 4:15
3283124,1802,1407,9/15/19 6:16,150,0,10/10/15 5:00
3361128,202,6316,9/17/19 3:00,150,0,6/1/15 20:13
3291124,801,903,9/16/19 13:30,150,0,6/1/15 21:20
131719131,801,0,9/7/19 3:15,150,0,3/25/17 3:02
190093187,913,0,8/23/19 3:45,150,0,9/26/18 3:31
3361128,1117,116,9/17/19 2:21,149,0,4/5/17 4:15
2101206,501,30,9/17/19 3:00,149,0,6/1/15 20:37
17191010,501,20,9/17/19 3:06,149,0,6/2/15 2:08
106680135,701,152,9/15/19 18:00,149,0,6/1/15 21:22
188128,920,786,9/16/19 19:15,149,0,6/1/15 22:42
172976750,101,1349,9/17/19 2:45,148,0,11/2/17 2:45
136388123,1608,11776,9/16/19 17:15,148,0,11/8/17 4:16
174185122,926,0,9/7/19 12:15,148,0,4/14/17 3:37
130007750,1803,375,9/15/19 4:46,147,0,11/12/15 5:00
222198233,501,0,9/6/19 19:00,147,0,1/8/19 3:00
581750,920,408,9/16/19 21:30,147,0,6/1/15 22:41
117786233,926,0,6/16/19 15:36,147,0,10/1/15 5:00
31128,1501,417,9/16/19 17:30,146,0,6/2/15 2:11
3380128,206,932,9/17/19 3:01,146,0,6/1/15 20:25
118160127,703,72,9/15/19 16:45,146,0,6/1/15 22:02
2403750,926,0,7/16/19 15:45,146,0,10/5/15 4:15
190093187,1108,0,9/6/19 12:15,145,0,9/25/18 3:45
581750,1113,0,8/3/19 23:02,145,0,6/2/15 0:34
18724129,1126,50,9/7/19 4:15,145,0,4/21/18 4:00
3283124,1127,225,9/16/19 14:30,145,0,4/12/19 4:15
123682128,1602,1374,9/16/19 18:30,145,0,12/14/16 4:06
3283164,1608,3154,9/16/19 21:15,145,0,11/7/17 4:15
3291128,515,200,9/16/19 17:00,145,0,1/21/17 4:28
3283124,804,20,9/16/19 12:42,145,0,10/20/15 5:00
59921750,920,1095,9/15/19 15:00,145,0,6/1/15 22:43
3380127,927,781,9/16/19 21:30,145,0,11/11/15 5:00
102284126,1001,480,9/16/19 21:00,144,0,6/1/15 23:25
3291128,1001,365,9/16/19 4:01,144,0,6/2/15 0:54
178303127,1007,10,9/16/19 4:01,144,0,2/28/18 3:45
91100126,101,152,9/16/19 18:15,144,0,6/1/15 19:31
18724123,101,0,9/17/19 2:45,144,0,6/1/15 19:32
182427173,1104,1946,9/16/19 14:45,144,0,2/17/17 3:37
3288127,1106,0,9/16/19 18:30,144,0,6/2/15 0:05
3283125,1128,364,9/16/19 16:30,144,0,3/9/18 4:15
5229127,1205,20,9/16/19 14:15,144,0,10/20/16 4:03
122309123,1410,144,9/16/19 12:45,144,0,6/2/15 2:02
3290123,1601,297,9/16/19 13:15,144,0,6/2/15 1:58
29128,1604,432,9/16/19 17:30,144,0,6/2/15 1:49
89608127,1702,29,9/16/19 10:45,144,0,5/5/16 5:00
3288135,1702,341,9/16/19 21:15,144,0,5/5/16 5:00
92633126,1902,2162,9/16/19 23:10,144,0,4/3/18 4:30
3283128,202,226,9/16/19 3:01,144,0,6/1/15 20:47
3361128,206,1010,9/16/19 10:45,144,0,6/1/15 20:25
92131128,206,1205,9/17/19 3:01,144,0,4/19/17 2:47
3376126,207,0,9/15/19 14:15,144,0,6/1/15 19:49
188128,2101,80,9/16/19 16:00,144,0,3/12/18 4:45
18724128,301,43,9/16/19 12:15,144,0,6/1/15 19:59
94151128,401,945,9/17/19 3:01,144,0,6/1/15 20:43
4195127,402,0,9/11/19 15:15,144,0,6/1/15 21:04
31123,503,554,9/15/19 3:33,144,0,6/1/15 20:42
17192122,504,256,9/15/19 6:16,144,0,6/1/15 22:23
3291128,505,929,9/15/19 3:30,144,0,6/1/15 20:48
134258121,507,47,9/15/19 3:32,144,0,2/8/18 3:00
18724128,513,442,9/13/19 15:00,144,0,6/17/17 4:17
31123,516,824,9/16/19 12:30,144,0,2/18/17 4:16
3380128,516,0,9/14/19 17:30,144,0,2/18/17 4:16
94151128,518,58,9/16/19 4:16,144,0,3/1/17 4:15
3365119,519,85,8/21/19 8:30,144,0,3/17/17 4:15
3291123,520,763,9/15/19 3:32,144,0,8/18/17 4:04
94151128,520,0,9/14/19 17:30,144,0,8/19/17 4:02
3361122,521,249,9/15/19 3:31,144,0,5/5/17 4:17
9931127,525,42,9/15/19 3:30,144,0,5/25/17 3:05
3365127,528,229,9/16/19 17:45,144,0,9/28/18 4:00
174185122,606,2919,9/16/19 20:45,144,0,8/17/17 3:03
188123,610,591,9/16/19 16:15,144,0,6/1/15 21:14
1506817,704,4,9/16/19 13:50,144,0,3/30/19 4:15
9931127,802,275,9/16/19 10:15,144,0,6/1/15 21:27
3283128,803,0,9/11/19 9:45,144,0,6/1/15 22:28
29125,804,169,9/14/19 6:31,144,0,5/12/17 3:06
29123,902,724,9/16/19 3:15,144,0,6/1/15 22:11
94151123,902,3031,9/16/19 14:00,144,0,6/1/15 22:13
108009122,902,1388,9/16/19 14:15,144,0,3/15/18 3:15
3280119,903,0,9/5/19 9:45,144,0,6/1/15 22:04
3362122,904,143,9/14/19 3:31,144,0,6/1/15 22:16
3283128,904,37,9/16/19 15:30,144,0,6/1/15 22:16
3291128,909,460,9/16/19 3:46,144,0,6/1/15 21:52
9931127,914,604,9/16/19 17:45,144,0,6/1/15 22:47
188128,915,258,9/15/19 3:45,144,0,6/1/15 23:04
31128,915,382,9/15/19 3:47,144,0,6/1/15 23:07
37119,922,0,9/10/19 17:15,144,0,6/1/15 22:56
31122,922,129,9/9/19 4:00,144,0,6/1/15 22:56
107809127,922,0,8/21/19 14:03,144,0,6/1/15 22:57
3291128,924,583,9/16/19 10:45,144,0,6/1/15 23:03
3283128,929,0,9/3/19 13:30,144,0,11/9/16 4:04
3380127,1411,0,9/14/19 16:00,143,0,10/1/16 4:06
31128,303,400,9/17/19 3:01,143,0,6/1/15 20:18
3361127,912,484,9/16/19 21:30,143,0,6/2/15 0:42
3376126,402,1305,9/17/19 3:01,142,0,6/1/15 22:00
114446807,904,0,8/24/19 17:45,142,0,6/1/15 22:15
104404233,1108,0,8/13/19 14:15,141,0,6/2/15 0:00
114445807,1108,35,9/15/19 4:16,141,0,6/2/15 0:01
3380128,1411,0,9/6/19 18:15,141,0,10/1/16 4:06
3380128,204,2124,9/16/19 13:15,141,0,6/1/15 20:23
31128,521,587,9/16/19 17:29,141,0,5/6/17 4:19
3877010,1126,79,9/16/19 22:15,140,0,4/28/18 4:15
172976750,913,393,9/16/19 13:45,140,0,10/31/17 3:32
3380128,1123,89,9/13/19 20:15,139,0,11/12/17 4:01
31127,1705,0,9/16/19 11:45,139,0,9/2/18 4:30
17192128,509,5,9/16/19 21:30,139,0,6/1/15 21:06
3361128,525,0,9/16/19 4:16,139,0,5/25/17 3:05
228810,1108,0,8/18/19 15:45,138,0,6/2/15 0:54
3405128,1120,27,9/16/19 9:15,138,0,9/30/17 5:38
18724123,1204,0,9/11/19 13:31,138,0,8/12/15 14:45
188123,303,0,9/14/19 14:15,138,0,6/1/15 20:17
17192122,501,1925,9/17/19 3:01,138,0,6/1/15 20:41
2221810,501,233,9/17/19 3:01,138,0,6/1/15 20:55
14738750,926,47,9/16/19 19:23,138,0,10/7/15 5:01
2240111,926,0,9/6/19 8:30,138,0,10/18/15 3:29
3291124,101,13125,9/17/19 2:45,137,0,6/1/15 19:32
127146250,1108,0,7/30/19 16:00,137,0,6/2/15 0:02
9931127,1108,0,9/14/19 20:15,136,0,6/1/15 23:58
150513750,501,110,9/16/19 21:00,136,0,10/6/15 2:47
3380128,920,3060,9/16/19 21:30,136,0,6/1/15 22:41
581750,1114,0,8/18/19 23:15,135,0,9/30/15 5:00
9931127,501,469,9/17/19 3:01,135,0,6/1/15 20:41
117788233,501,0,8/24/19 14:45,134,0,6/1/15 20:37
3361127,1127,5,9/17/19 0:30,133,0,4/12/19 4:15
122350127,219,75,9/16/19 3:01,133,0,3/10/18 4:15
3219920,501,0,9/6/19 14:00,133,0,6/1/15 20:41
17192128,523,1556,9/15/19 3:31,133,0,11/1/17 4:18
94301122,101,146,9/17/19 2:45,132,0,6/1/15 19:31
105911127,1108,0,8/8/19 4:01,132,0,6/2/15 0:01
3877010,1108,0,8/24/19 4:00,132,0,6/2/15 0:02
3380127,1110,0,9/13/19 13:30,132,0,6/2/15 0:48
35358127,1112,18,9/16/19 4:16,132,0,6/2/15 0:40
3405127,1113,313,9/16/19 22:15,132,0,6/2/15 0:36
3280122,1126,0,8/26/19 18:15,132,0,4/25/18 4:15
5654750,1205,747,9/16/19 22:30,132,0,10/17/16 3:48
10990127,1502,0,8/26/19 9:45,132,0,6/2/15 2:05
3283128,301,152,9/16/19 3:01,132,0,6/1/15 19:58
105911127,303,169,9/15/19 3:02,132,0,6/1/15 20:18
121391122,501,1616,9/15/19 3:16,132,0,6/1/15 20:41
3361122,506,87,9/15/19 3:32,132,0,6/1/15 21:01
2101122,513,135,9/15/19 3:30,132,0,6/22/17 4:16
5218127,520,0,9/13/19 17:30,132,0,8/18/17 4:04
8155122,610,1269,9/16/19 17:45,132,0,6/1/15 21:14
3407127,904,0,9/16/19 11:45,132,0,6/1/15 22:14
3361122,904,21,9/16/19 13:00,132,0,6/1/15 22:16
92131127,926,989,9/16/19 21:30,132,0,10/8/15 5:00
2596750,904,0,9/10/19 3:45,131,0,6/1/15 22:17
114081750,1108,289,9/16/19 15:32,130,0,6/1/15 23:59
3219920,303,0,8/31/19 11:00,130,0,6/1/15 20:17
138984920,920,0,9/15/19 20:15,130,0,6/1/15 22:42
2101021,1108,0,8/23/19 4:00,129,0,6/2/15 0:01
59921250,303,0,9/13/19 3:01,129,0,6/14/17 2:48
159399175,501,396,9/17/19 3:01,129,0,4/7/16 3:32
172976187,608,278,9/16/19 10:30,129,0,4/7/18 11:00
3915122,1108,40,9/14/19 4:46,128,0,6/1/15 23:59
225369403,1409,24,9/14/19 4:34,128,0,5/2/19 4:30
130007750,303,662,9/16/19 20:45,128,0,6/1/15 20:18
174185122,804,671,9/16/19 22:15,128,0,4/14/17 3:18
3219920,1108,0,6/4/19 19:30,127,0,6/2/15 0:01
163802750,1108,0,9/6/19 18:15,127,0,12/24/15 4:28
171353750,1108,443,9/16/19 22:52,127,0,3/7/17 3:46
114446807,501,0,8/26/19 10:45,127,0,6/1/15 20:41
8571081,203,775,9/16/19 3:01,126,0,6/1/15 20:11
125135126,501,0,7/1/19 17:04,126,0,6/1/15 20:39
2242010,513,0,9/1/19 3:00,126,0,6/23/17 4:00
59921250,518,32,9/15/19 3:30,126,0,7/4/17 3:06
3283135,703,861,9/16/19 9:45,126,0,6/1/15 21:44
92131127,901,1461,9/15/19 3:16,126,0,6/1/15 22:22
5016119,907,0,9/11/19 14:45,126,0,6/2/15 0:52
3405127,1106,196,9/16/19 4:16,125,0,6/2/15 0:03
92131126,501,0,9/11/19 16:45,125,0,6/1/15 20:40
5218123,513,226,9/15/19 3:30,125,0,6/17/17 4:17
3361128,802,346,9/16/19 16:15,125,0,6/1/15 21:27
1089750,101,2545,9/17/19 2:45,124,0,6/1/15 19:32
130009750,303,302,9/17/19 3:00,124,0,6/1/15 20:19
183228736,501,0,7/20/19 14:30,124,0,7/4/17 3:02
114446807,918,0,8/30/19 9:30,124,0,6/1/15 22:50
3283128,102,1406,9/17/19 2:45,123,0,6/1/15 19:58
3361127,1123,262,9/16/19 11:30,123,0,11/12/17 4:01
178686750,218,57,9/17/19 3:01,123,0,6/14/17 2:50
31123,519,1713,9/15/19 3:31,123,0,3/22/17 4:16
92131214,926,538,9/16/19 16:00,123,0,5/5/16 4:04
59921750,101,1009,9/17/19 2:45,122,0,6/1/15 19:32
114446807,1108,0,8/24/19 19:15,122,0,6/2/15 0:00
204987122,1603,552,9/16/19 19:00,122,0,2/9/18 4:15
3361128,1702,4235,9/16/19 21:15,122,0,5/5/16 5:00
9931127,1705,0,9/16/19 11:45,122,0,8/30/18 4:30
114081750,303,558,9/17/19 3:01,122,0,6/1/15 20:56
204987122,401,2957,9/17/19 3:00,122,0,1/17/18 3:49
5218128,501,0,9/11/19 18:45,122,0,6/1/15 20:40
3361128,506,1268,9/14/19 3:16,122,0,6/1/15 20:59
37123,604,388,9/14/19 3:16,122,0,6/1/15 21:51
182427173,909,3669,9/12/19 19:00,122,0,12/2/16 3:21
14356122,922,729,9/15/19 3:45,122,0,6/1/15 22:57
3291128,928,911,9/16/19 14:35,122,0,7/21/16 5:01
94151128,101,549,9/16/19 2:45,121,0,6/1/15 19:32
3291136,1201,332,9/16/19 4:32,121,0,6/2/15 1:03
136388128,1601,1376,9/16/19 16:15,121,0,6/2/15 1:58
3029122,303,0,9/13/19 3:01,121,0,6/1/15 20:19
31128,516,65,9/16/19 12:30,121,0,2/18/17 4:16
94151123,518,437,9/15/19 3:32,121,0,3/1/17 4:15
35995127,604,583,9/16/19 3:15,121,0,6/1/15 22:06
31123,605,2537,9/16/19 3:16,121,0,6/1/15 21:17
96161163,801,0,9/14/19 16:00,121,0,6/1/15 21:55
188128,902,954,9/16/19 17:00,121,0,6/1/15 22:10
3291123,924,3001,9/16/19 17:00,121,0,6/1/15 23:03
3361128,927,1517,9/16/19 4:01,121,0,11/11/15 5:00
3380128,931,1452,9/16/19 14:00,121,0,4/27/18 4:00
31124,1004,629,9/16/19 4:01,120,0,6/1/15 23:37
102284126,1004,193,9/16/19 21:15,120,0,6/1/15 23:37
92946127,1005,9,9/15/19 4:01,120,0,6/1/15 23:19
37805127,101,5,9/16/19 15:45,120,0,6/1/15 19:32
3288124,101,224,9/17/19 2:45,120,0,6/1/15 19:33
94489127,101,151,9/16/19 2:45,120,0,2/13/16 3:16
3029124,1010,84,9/12/19 4:01,120,0,6/2/15 0:14
3362122,102,0,9/16/19 3:01,120,0,6/1/15 19:57
3280122,1104,0,6/25/19 18:45,120,0,6/2/15 0:12
174185122,1104,0,9/15/19 4:02,120,0,4/22/17 3:47
3361122,1105,0,9/10/19 5:30,120,0,6/1/15 23:56
182427173,1105,1105,9/16/19 20:15,120,0,2/5/17 3:35
14356122,1106,0,9/7/19 22:30,120,0,6/2/15 0:05
3380122,1107,0,9/2/19 14:45,120,0,6/1/15 23:41
18724122,1107,0,9/6/19 14:15,120,0,6/1/15 23:42
170089127,1107,0,9/3/19 22:45,120,0,7/16/16 4:36
8155127,1108,0,9/16/19 18:15,120,0,6/2/15 0:01
3380128,1112,0,8/16/19 13:15,120,0,6/2/15 0:39
3361127,1113,146,9/15/19 4:17,120,0,6/2/15 0:35
18724128,1123,182,9/16/19 4:15,120,0,11/12/17 4:01
92131128,1125,0,9/15/19 4:16,120,0,7/13/18 4:00
3362128,1125,13,9/16/19 21:00,120,0,7/14/18 4:15
194206750,1203,0,6/26/19 18:00,120,0,10/5/17 4:58
92946127,1204,0,8/10/19 17:15,120,0,8/14/15 5:18
31124,1205,5217,9/16/19 22:15,120,0,4/29/17 4:02
31195,1301,0,9/15/19 16:00,120,0,11/14/15 4:00
192379750,1301,235,9/14/19 15:01,120,0,12/31/17 4:03
136343128,1601,207,9/15/19 4:30,120,0,6/2/15 1:55
3291128,1601,147,9/16/19 15:15,120,0,6/2/15 1:58
3362128,1601,173,9/16/19 17:15,120,0,1/30/16 4:24
3289123,1602,554,9/16/19 12:00,120,0,6/2/15 2:13
37123,1604,1084,9/16/19 10:15,120,0,6/2/15 1:48
94151123,1605,5476,9/16/19 22:34,120,0,10/24/15 5:00
3380128,1608,3908,9/16/19 19:15,120,0,11/10/17 4:16
174185355,1608,237,9/16/19 22:08,120,0,9/7/19 4:30
2805050,1701,0,9/12/19 14:15,120,0,11/12/15 6:15
3291128,1702,558,9/16/19 22:00,120,0,5/5/16 5:00
3407127,1702,32,9/16/19 22:00,120,0,5/5/16 5:00
4789128,1702,95,9/16/19 19:45,120,0,5/6/16 5:15
31124,1703,6681,9/16/19 4:46,120,0,2/11/17 4:15
9931131,1704,334,9/16/19 14:46,120,0,2/13/18 4:15
31124,1706,2428,9/16/19 18:45,120,0,5/13/19 4:45
3283124,1706,1156,9/16/19 20:30,120,0,5/13/19 4:45
94151123,2001,1212,9/16/19 19:30,120,0,6/21/18 4:30
188123,2001,567,9/16/19 17:48,120,0,6/21/18 4:30
3376126,201,0,9/14/19 17:15,120,0,6/1/15 19:52
94151128,201,170,9/17/19 2:45,120,0,6/1/15 19:53
90126,205,0,9/4/19 10:15,120,0,6/1/15 19:51
93820128,205,0,9/9/19 16:15,120,0,6/1/15 19:51
3376126,206,7,9/17/19 3:00,120,0,6/1/15 20:26
3361128,213,0,9/12/19 17:15,120,0,6/1/15 20:11
3380128,213,279,9/17/19 3:00,120,0,6/1/15 20:12
3283123,2301,14514,9/16/19 20:15,120,0,7/13/18 4:45
3376127,301,0,9/10/19 17:30,120,0,6/1/15 19:59
2988124,302,736,9/16/19 3:01,120,0,6/1/15 20:01
18557126,303,0,7/31/19 7:30,120,0,6/1/15 20:18
117371187,303,153,9/15/19 3:02,120,0,6/1/15 20:19
3376126,304,460,9/17/19 3:01,120,0,6/1/15 20:32
98378127,401,0,9/16/19 12:15,120,0,6/1/15 20:43
92131128,401,2885,9/17/19 3:00,120,0,8/19/17 3:01
18724127,501,36,9/17/19 3:01,120,0,6/1/15 20:40
200175132,501,0,7/17/19 18:30,120,0,8/29/17 3:01
17192128,502,1024,9/16/19 20:15,120,0,6/1/15 20:30
3291123,504,748,9/16/19 20:15,120,0,6/1/15 20:54
31128,506,1283,9/16/19 20:15,120,0,6/1/15 21:00
135783127,507,8,9/15/19 3:31,120,0,6/1/15 21:28
101731122,507,0,9/14/19 22:00,120,0,6/1/15 21:29
115101122,507,0,6/12/19 11:00,120,0,6/1/15 21:29
120790123,509,0,9/13/19 18:00,120,0,6/1/15 21:06
94151123,510,29,9/16/19 15:02,120,0,9/9/15 5:00
3291128,513,31,9/14/19 3:30,120,0,6/17/17 4:17
2102122,513,105,9/16/19 18:30,120,0,6/23/17 4:00
18724123,515,2153,9/15/19 3:31,120,0,1/14/17 4:15
94151128,516,393,9/16/19 18:45,120,0,2/18/17 4:16
3361122,518,18,9/16/19 4:15,120,0,3/1/17 4:15
17192122,520,112,9/15/19 3:30,120,0,8/18/17 4:04
3365127,521,945,9/16/19 14:30,120,0,5/5/17 4:17
3283123,526,275,9/16/19 15:30,120,0,6/8/17 4:17
102421123,527,93,9/16/19 16:15,120,0,8/1/18 3:00
31128,528,294,9/14/19 3:31,120,0,9/29/18 4:00
9931131,605,0,9/13/19 11:15,120,0,3/15/18 3:15
3361122,610,0,8/31/19 3:15,120,0,6/1/15 21:13
3380128,610,1038,9/16/19 14:45,120,0,6/1/15 21:14
3283123,613,273,9/16/19 16:00,120,0,6/1/15 21:35
178303128,613,127,9/16/19 18:15,120,0,3/2/17 3:22
29123,702,1006,9/16/19 17:30,120,0,6/1/15 21:49
3364127,703,416,9/16/19 18:30,120,0,6/1/15 21:43
29128,703,423,9/16/19 3:15,120,0,9/26/17 4:13
36686122,801,468,9/16/19 19:38,120,0,6/1/15 21:20
3283124,802,778,9/16/19 17:45,120,0,6/1/15 21:24
29124,802,1559,9/16/19 3:15,120,0,6/1/15 21:25
96161126,802,8,9/16/19 20:00,120,0,6/1/15 22:13
161863122,802,53,9/16/19 13:15,120,0,3/4/17 3:23
184932233,802,2,9/16/19 3:16,120,0,2/2/18 3:15
94151128,901,542,9/16/19 11:15,120,0,6/1/15 22:21
138614131,902,35,9/16/19 3:52,120,0,6/1/15 22:13
3376126,903,2326,9/16/19 15:45,120,0,6/1/15 22:02
31127,904,2,9/15/19 6:16,120,0,6/1/15 22:16
311171,905,946,9/16/19 3:16,120,0,6/1/15 22:24
31198,907,380,9/16/19 17:15,120,0,10/8/15 3:22
191664121,908,94,9/16/19 18:00,120,0,11/29/18 3:45
3224121,909,814,9/16/19 18:15,120,0,6/1/15 21:52
188123,910,1707,9/16/19 18:15,120,0,6/1/15 22:35
29128,919,129,9/16/19 3:45,120,0,6/1/15 22:54
3361122,919,22,9/15/19 3:46,120,0,6/1/15 22:54
92131214,919,101,9/15/19 3:46,120,0,3/24/16 3:47
3362128,920,399,9/16/19 13:00,120,0,6/1/15 22:41
130247187,925,203,9/13/19 13:15,120,0,8/8/18 3:31
119310814,926,0,9/16/19 18:30,120,0,10/1/15 5:00
94151128,928,1169,9/16/19 20:00,120,0,7/20/16 5:01
94151124,102,1723,9/17/19 2:45,119,0,6/1/15 19:57